{"precision": 0.9815113637596028, "recall": 0.9815043156596794, "f1": 0.9814958466924675}